base_address,base_name,base_symbol,chain,dex,fdv,liquidity_usd,pair_address,pair_created_at,price_native,price_usd,quote_address,quote_symbol,volume_24h
0x2170Ed0880ac9A755fd29B2688956BD959F933F8,Ethereum Token,ETH,bsc,pancakeswap,2009474589,2338617.38,0x62Fcb3C1794FB95BD8B1A97f6Ad5D8a7e4943a1e,1681625414000,3.6785,3321.53,0xbb4CdB9CBd36B01bD1cBaEBF2De08d9173bc095c,WBNB,22439823.79
0x2170Ed0880ac9A755fd29B2688956BD959F933F8,Ethereum Token,ETH,bsc,pancakeswap,2008947248,594765.63,0x9F599F3D64a9D99eA21e68127Bb6CE99f893DA61,1683365205000,3320.6628,3320.66,0x55d398326f99059fF775485246999027B3197955,USDT,7375198.62
0x2170Ed0880ac9A755fd29B2688956BD959F933F8,Ethereum Token,ETH,bsc,pancakeswap,2009128844,7795717.12,0xBe141893E4c6AD9272e8C04BAB7E6a10604501a5,1681214432000,3320.9629,3320.96,0x55d398326f99059fF775485246999027B3197955,USDT,14216268.39
0x0000000000000000000000000000000000000000,Ether,ETH,base,uniswap,,2097901.27,0x96d4b53a38337a5733179751781178a2613306063c511b78cd02684739288c0a,1737558457000,3320.4333,3320.43,0x833589fCD6eDb6E08f4c7C32D4f71b54bdA02913,USDC,3251734.05
0x2170Ed0880ac9A755fd29B2688956BD959F933F8,Ethereum Token,ETH,bsc,pancakeswap,2010985689,2053154.45,0x531FEbfeb9a61D948c384ACFBe6dCc51057AEa7e,1619277331000,3324.03222,3324.032,0x55d398326f99059fF775485246999027B3197955,USDT,370961.99
0x2170Ed0880ac9A755fd29B2688956BD959F933F8,Ethereum Token,ETH,bsc,pancakeswap,2009609881,10001440.68,0xD0e226f674bBf064f54aB47F42473fF80DB98CBA,1680536288000,3.6788,3321.75,0xbb4CdB9CBd36B01bD1cBaEBF2De08d9173bc095c,WBNB,18908087.46
factory/osmo1k6c8jln7ejuqwtqmay3yvzrg3kueaczl96pk067ldg8u835w0yhsw27twm/alloyed/allETH,Ethereum,ETH,osmosis,osmosis,400665716683,81819.3,1948-factory_osmo1k6c8jln7ejuqwtqmay3yvzrg3kueaczl96pk067ldg8u835w0yhsw27twm_alloyed_allETH-ibc_498A0751C798A0D9A389AA3691123DADA57DAA4FE165D5C75894505B876BA6E4,1722005086000,3319.6405,3319.64,ibc/498A0751C798A0D9A389AA3691123DADA57DAA4FE165D5C75894505B876BA6E4,USDC,96739.66
0x049d36570d4e46f48e99674bd3fcc84644ddd6b96f7c741b1562b82f9e004dc7,Ether,ETH,starknet,ekubo,76958195,667673.5,0x049d36570d4e46f48e99674bd3fcc84644ddd6b96f7c741b1562b82f9e004dc7-0x053c91253bc9682c04929ca02ed00b3e423f6710d2ee7e0d5ebb06f3ecf368a8-170141183460469235273462165868118016-1000-0x0,1693052952000,3320.2180,3320.21,0x053c91253bc9682c04929ca02ed00b3e423f6710d2ee7e0d5ebb06f3ecf368a8,USDC,1191539.06
0x049d36570d4e46f48e99674bd3fcc84644ddd6b96f7c741b1562b82f9e004dc7,Ether,ETH,starknet,ekubo,76983302,5186041.46,0x03fe2b97c1fd336e750087d68b9b867997fd64a2661ff3ca5a7c771641e8e7ac-0x049d36570d4e46f48e99674bd3fcc84644ddd6b96f7c741b1562b82f9e004dc7-170141183460469235273462165868118016-1000-0x0,1693523146000,0.03583,3321.30,0x03fe2b97c1fd336e750087d68b9b867997fd64a2661ff3ca5a7c771641e8e7ac,WBTC,3764457.29
0x0000000000000000000000000000000000000000,Ether,ETH,ethereum,uniswap,,679747.01,0x00b9edc1583bf6ef09ff3a09f6c23ecb57fd7d0bb75625717ec81eed181e22d7,1737745379000,3321.1843,3321.18,0xA0b86991c6218b36c1d19D4a2e9Eb0cE3606eB48,USDC,1894961.3
0x049d36570d4e46f48e99674bd3fcc84644ddd6b96f7c741b1562b82f9e004dc7,Ether,ETH,starknet,ekubo,76937677,617584.11,0x033068f6539f8e6e6b131e6b2b814e6c34a5224bc66947c47dab9dfee93b35fb-0x049d36570d4e46f48e99674bd3fcc84644ddd6b96f7c741b1562b82f9e004dc7-170141183460469235273462165868118016-1000-0x0,1764584964000,3319.3328,3319.33,0x033068f6539f8e6e6b131e6b2b814e6c34a5224bc66947c47dab9dfee93b35fb,USDC,1844526.79
0xBFcfA52225Baa5feec5fbb54E6458957D53ddD94,ETH,ETH,pulsechain,pulsex,105740,21657.87,0x77E4e36E9aB013E6d48B34836b61441C328B1738,1738481605000,4.9803,0.0001057,0xA1077a294dDE1B09bB078844df40758a5D0f9a27,WPLS,305.12
0x2170Ed0880ac9A755fd29B2688956BD959F933F8,Ethereum Token,ETH,bsc,pancakeswap,2009281907,33823.96,0x62Cf00528cB7aF872C1f9DD426E655C903F16770,1682798491000,3321.2159,3321.21,0x8AC76a51cc950d9822D68b83fE1Ad97B32Cd580d,USDC,175953.08
factory/osmo1k6c8jln7ejuqwtqmay3yvzrg3kueaczl96pk067ldg8u835w0yhsw27twm/alloyed/allETH,Ethereum,ETH,osmosis,osmosis,400604780866,223275.99,1982-factory_osmo1k6c8jln7ejuqwtqmay3yvzrg3kueaczl96pk067ldg8u835w0yhsw27twm_alloyed_allETH-factory_osmo1z6r6qdknhgsc0zeracktgpcxf43j6sekq07nw8sxduc9lg0qjjlqfu25e3_alloyed_allBTC,1722855630000,0.03586,3319.13,factory/osmo1z6r6qdknhgsc0zeracktgpcxf43j6sekq07nw8sxduc9lg0qjjlqfu25e3/alloyed/allBTC,BTC,165331
0x049d36570d4e46f48e99674bd3fcc84644ddd6b96f7c741b1562b82f9e004dc7,Ether,ETH,starknet,ekubo,76822774,1315055.3,0x04718f5a0fc34cc1af16a1cdee98ffb20c31f5cd61d6ab07201858f4287c938d-0x049d36570d4e46f48e99674bd3fcc84644ddd6b96f7c741b1562b82f9e004dc7-1020847100762815411640772995208708096-5982-0x0,1708355917000,29047.9891,3314.37,0x04718f5a0fc34cc1af16a1cdee98ffb20c31f5cd61d6ab07201858f4287c938d,STRK,257392.6
0x2170Ed0880ac9A755fd29B2688956BD959F933F8,Ethereum Token,ETH,bsc,pancakeswap,2009097883,138747.18,0x539e0EBfffd39e54A0f7E5F8FEc40ade7933A664,1680356039000,3320.9117,3320.91,0x8AC76a51cc950d9822D68b83fE1Ad97B32Cd580d,USDC,142830.33
0x0000000000000000000000000000000000000000,Ether,ETH,base,uniswap,,1760283.83,0xaf15cd1f9c3874bbcfddfc2b544544612c9de8c8bae28ba21c129c6b286c1e19,1757414511000,3322.04421,3322.044,0x833589fCD6eDb6E08f4c7C32D4f71b54bdA02913,USDC,5170185.75
0x049d36570d4e46f48e99674bd3fcc84644ddd6b96f7c741b1562b82f9e004dc7,Ether,ETH,starknet,ekubo,76958245,1325928.3,0x033068f6539f8e6e6b131e6b2b814e6c34a5224bc66947c47dab9dfee93b35fb-0x049d36570d4e46f48e99674bd3fcc84644ddd6b96f7c741b1562b82f9e004dc7-0-1003-0x0,1764812651000,3320.2201,3320.22,0x033068f6539f8e6e6b131e6b2b814e6c34a5224bc66947c47dab9dfee93b35fb,USDC,284245.28
2FPyTwcZLUg1MDrwsyoP4D6s1tM7hAkHYRjkNb5w6Pxk,Wrapped Ethereum (Sollet),ETH,solana,raydium,170509640,473348.27,8iQFhWyceGREsWnLM8NkG9GC8DvZunGZyMzuyUScgkMK,1669602384000,300.1027,352.65,4k3Dyjzvzp8eMZWUXbBCjEvwSkkk59S5iCNLY3QrkX6R,RAY,1333.02
2FPyTwcZLUg1MDrwsyoP4D6s1tM7hAkHYRjkNb5w6Pxk,Wrapped Ethereum (Sollet),ETH,solana,raydium,169621261,103861.99,9Hm8QX7ZhE9uB8L2arChmmagZZBtBmnzBbpfxzkQp85D,1669603260000,2.5478,350.81,So11111111111111111111111111111111111111112,SOL,1240.82
eth.bridge.near,Ether,ETH,near,rhea-finance,8256889,178431.28,refv1-6354,1744351748000,1830.5318,3324.24,wrap.near,wNEAR,57068.16
0x0000000000000000000000000000000000000000,Ether,ETH,ethereum,uniswap,,14432780.86,0x21c67e77068de97969ba93d4aab21826d33ca12bb9f565d8496e8fda8a82ca27,1737651611000,3320.6141,3320.61,0xA0b86991c6218b36c1d19D4a2e9Eb0cE3606eB48,USDC,8320639.68
ChVAdi1NiARUESUYCFiKE3EyJLYVZmMM7c95fH7dUvG8,Ethereum  ,ETH  ,solana,raydium,347004587553,7860686.23,33duwECNu8E9T95CaouyqQdWfMVnaoSWV8tuGep4Bszt,1764071913000,2891.7048,2891.70,Es9vMFrzaCERmJfrF4H2FYD4KCoNkY11McCe8BenwNYB,USDT,253002.55
ibc/20850C646CDDDC2270E9BBDB08558B5FEE57B647EC6827F41096AABFD8A0471B,Ethereum,ETH,osmosis,osmosis,316206,2201128.59,1878-ibc_20850C646CDDDC2270E9BBDB08558B5FEE57B647EC6827F41096AABFD8A0471B-ibc_EA1D43981D5C9A1C4AAEA9C23BB1D4FA126BA9BC7020A25E0AE4AA841EA25DC5,1719415655000,1.0000,3359.71,ibc/EA1D43981D5C9A1C4AAEA9C23BB1D4FA126BA9BC7020A25E0AE4AA841EA25DC5,WETH,670.59
34,Ethereum,ETH,polkadot,hydration,4900765,133000.38,0x8e5924b1017747f8b0e041153ffc34003bbdd2a5b91759de2f1ca264e8addc36,,142303.4849,3352.57,1000081,PEN,664.64
3FMkqWBHNPu7adoqmoFdwEfgPfwnWPL89Nif7MMemzpm,Ethereum,ETH,solana,raydium,493113238,127392210.4,GHZEE8JrjwDJFerbueqUDmCXsToTeWJpRpw9QCmMwo2t,1760111028000,4109.2769,4109.27,EPjFWdd5AufqSSqeM2qN1xzybapC8G4wEGGkZwyTDt1v,USDC,55999.96
0xa47f43DE2f9623aCb395CA4905746496D2014d57,Ethereum Token,ETH,conflux,swappi,2785662,97959.91,0x8ea70966e8F14337657BFF7f40cFB9648f79530b,,43244.5179,3312.27,0x14b2D3bC65e74DAE1030EAFd8ac30c533c976A9b,WCFX,5324.86
0x2170Ed0880ac9A755fd29B2688956BD959F933F8,Ethereum Token,ETH,bsc,pancakeswap,2008400843,66583.9,0xCEc31052610aaf0693D6B4d34E055687af3AeeE6,1682072920000,0.03583,3319.75,0x7130d2A12B9BCbFAe4f2634d864A1Ee1Ce3Ead9c,BTCB,108852.5
0x2170Ed0880ac9A755fd29B2688956BD959F933F8,Ethereum Token,ETH,bsc,uniswap,2008477982,397896.09,0xF9878A5dD55EdC120Fde01893ea713a4f032229c,1680238062000,3319.8871,3319.88,0x55d398326f99059fF775485246999027B3197955,USDT,473281.29
0x2170Ed0880ac9A755fd29B2688956BD959F933F8,Ethereum Token,ETH,bsc,pancakeswap,2008196539,4454831.81,0x4BBA1018b967e59220b22Ca03f68821A3276c9a6,1680547462000,0.03582,3319.42,0x7130d2A12B9BCbFAe4f2634d864A1Ee1Ce3Ead9c,BTCB,7267976.21
factory/osmo1z6r6qdknhgsc0zeracktgpcxf43j6sekq07nw8sxduc9lg0qjjlqfu25e3/alloyed/allBTC,Bitcoin,BTC,osmosis,osmosis,1846522192679,1113766,1943-factory_osmo1z6r6qdknhgsc0zeracktgpcxf43j6sekq07nw8sxduc9lg0qjjlqfu25e3_alloyed_allBTC-ibc_498A0751C798A0D9A389AA3691123DADA57DAA4FE165D5C75894505B876BA6E4,1722002913000,92531.8078,92531.80,ibc/498A0751C798A0D9A389AA3691123DADA57DAA4FE165D5C75894505B876BA6E4,USDC,2618764.67
0xf22aac87E08d7FC60aA89eb21110ddfE59c20854,Bitcoin AI,BTC,bsc,pancakeswap,167063,37762.78,0xF1f4F43191fe903d156b0819E400aA2206Ec998f,1755515933000,0.000008785,0.007977,0xbb4CdB9CBd36B01bD1cBaEBF2De08d9173bc095c,WBNB,924.17
0x0afcB0065362EC8Bc94902479b9D37e3FA49eDa6,Bitcoin Second Chance,BTC,bsc,pancakeswap,459832,29734.84,0xcED7a2B49743b72BA98BF90bE80CFA260E36584D,1760347752000,0.00002409,0.02189,0xbb4CdB9CBd36B01bD1cBaEBF2De08d9173bc095c,WBNB,37.07
TN3W4H6rK2ce4vX9YnFQHwKENnHjoxb3m9,Bitcoin,BTC,tron,sunswap,1625389361,2290061.11,TTQpjqQUjMJjF3MAvWWVURn3YrRxg2quTM,1647508227000,92639.2508,92639.25,TR7NHqjeKQxGTCi8q8ZY4pL8otSzgjLj6t,USDT,148265.64
factory/osmo1z6r6qdknhgsc0zeracktgpcxf43j6sekq07nw8sxduc9lg0qjjlqfu25e3/alloyed/allBTC,Bitcoin,BTC,osmosis,osmosis,1849469365649,1113933.21,1942-factory_osmo1z6r6qdknhgsc0zeracktgpcxf43j6sekq07nw8sxduc9lg0qjjlqfu25e3_alloyed_allBTC-ibc_498A0751C798A0D9A389AA3691123DADA57DAA4FE165D5C75894505B876BA6E4,1722002899000,92679.4947,92679.49,ibc/498A0751C798A0D9A389AA3691123DADA57DAA4FE165D5C75894505B876BA6E4,USDC,724152.32
0xFaF1C31F6855E91B1a905761C81A79e4966e4709,Bitcoin Base,BTC,base,uniswap,551208,55142.86,0x88fe8c22aA3197EB901d4F6FDf762C60Fe90A26D,1759188611000,0.000007901,0.02624,0x4200000000000000000000000000000000000006,WETH,5170.89
0xF7bf2A938f971D7e4811A1170C43d651d21A0F81,BITCOIN,BTC,pulsechain,pulsex,134327,24748.51,0x605CAB033E430924eB5c72E130f0981c15f2f256,1738467315000,6.3258,0.0001343,0xA1077a294dDE1B09bB078844df40758a5D0f9a27,WPLS,767.73
factory/osmo1z6r6qdknhgsc0zeracktgpcxf43j6sekq07nw8sxduc9lg0qjjlqfu25e3/alloyed/allBTC,Bitcoin,BTC,osmosis,osmosis,1848448326396,665071.25,2321-factory_osmo1z6r6qdknhgsc0zeracktgpcxf43j6sekq07nw8sxduc9lg0qjjlqfu25e3_alloyed_allBTC-ibc_498A0751C798A0D9A389AA3691123DADA57DAA4FE165D5C75894505B876BA6E4,1731842371000,92628.3290,92628.32,ibc/498A0751C798A0D9A389AA3691123DADA57DAA4FE165D5C75894505B876BA6E4,USDC,287901.74
factory/osmo1z6r6qdknhgsc0zeracktgpcxf43j6sekq07nw8sxduc9lg0qjjlqfu25e3/alloyed/allBTC,Bitcoin,BTC,osmosis,osmosis,1849991506967,146481.3,1995-uosmo-factory_osmo1z6r6qdknhgsc0zeracktgpcxf43j6sekq07nw8sxduc9lg0qjjlqfu25e3_alloyed_allBTC,1723211883000,1249041.6666,92705.66,uosmo,OSMO,38533.38
FrRH3zG43RSKvord7sho84xQpPhckoazZ21cGKhF1iRk,Bitcoin,BTC,solana,raydium,928771905,444740569.37,9mG1AddFutUofmLNEfGT4vnv1E1da2PrQ5KVivYE9Bq9,1764851439000,92886.4791,92886.47,EPjFWdd5AufqSSqeM2qN1xzybapC8G4wEGGkZwyTDt1v,USDC,181999.24
7gNgX6yXx4Fo4zV4PzD1JTniMWHNwCf3pK3Bsu1M4Jgs,Bitcoin  ,BTC  ,solana,raydium,1829866710293,49004570.45,DtEbBU2nCcPARsHdoSm9yUEN3KPmvHCma1F6TckBy85Z,1764079542000,87136.5100,87136.51,Es9vMFrzaCERmJfrF4H2FYD4KCoNkY11McCe8BenwNYB,USDT,415113.01
BTCgJqur2WtMrhk8o9SwxtQX8aHV8vyndd6QhfqrbBSB,Bitcoin Core,BTC,solana,meteora,100173412486,9814758.03,CwMeQu4ASc6s78aR3sz8RJKkLhrc4pd84f16YHPnawiB,1763087309000,100.1734,100.17,Es9vMFrzaCERmJfrF4H2FYD4KCoNkY11McCe8BenwNYB,USDT,22359.55
DoapKMM8Ptcu2VcXsU76KqdqDsfZPV8CTyV4EAB5nVYk,Wrapped BTC (SOL),BTC ,solana,raydium,8452778,217199.31,JtVpdRQ8pffhVzfRN8gwNjrJEVs2sx5Ro5T6w37MXHS,1743528798000,84527.7830,84527.78,Es9vMFrzaCERmJfrF4H2FYD4KCoNkY11McCe8BenwNYB,USDT,53.35
Fj7VKAjdUw8Ac5Q6145YA1ehX2CsmqWDseCDX5SBD6ci,BITCOIN ,BTC ,solana,raydium,9463930,4732037.88,3mKg4zM8BdL5GmZapjkpiJBJZUTaMpTeUZWWTurGJX5z,1745894857000,94639.3015,94639.30,Es9vMFrzaCERmJfrF4H2FYD4KCoNkY11McCe8BenwNYB,USDT,220.94
2reXGFzg4bTG1EdQMEMu3zHzmdLCoqUoQiCbchBXpSws,Bitcoin,BTC,solana,raydium,1364868691548,6500661844.89,4S8dBxKb6Myb4nJDwbvTMVcEoRd3PyiYQjApjYK7PZ57,1730700770000,64993.7472,64993.74,EPjFWdd5AufqSSqeM2qN1xzybapC8G4wEGGkZwyTDt1v,USDC,3.99
7VkAwzGbLJYgjWBmtpkdnBPshrx5UhtQP2WrCMJApxmU,Bitcoin,BTC,solana,raydium,1448393856892,1372662192.09,9VysRemgzjgMFnVkpoazDHiCXSG4PS22QUnJqgMuY44b,1730704919000,68971.1360,68971.13,EPjFWdd5AufqSSqeM2qN1xzybapC8G4wEGGkZwyTDt1v,USDC,3.99
0xF7bf2A938f971D7e4811A1170C43d651d21A0F81,BITCOIN,BTC,pulsechain,pulsex,134328,4875.58,0x9852a518bb571F17eb3720b7995ea5cb1738D57F,1738472905000,0.01579,0.0001343,0xe33a5AE21F93aceC5CfC0b7b0FDBB65A0f0Be5cC,MOST,174.8
0xF7bf2A938f971D7e4811A1170C43d651d21A0F81,BITCOIN,BTC,pulsechain,pulsex,133201,2653.86,0x5534DB9b17292Ef204e05c1Db6A621c7dE5267f0,1738687345000,0.0000004463,0.0001332,0x2260FAC5E5542a773Aa44fBCfeDf7C193bc2C599,WBTC,293.37
0xF7bf2A938f971D7e4811A1170C43d651d21A0F81,BITCOIN,BTC,pulsechain,pulsex,130117,1504.12,0x6A6560275Be97906EB4E138C53051952a410BCE6,1738472905000,0.03525,0.0001301,0xec4252e62C6dE3D655cA9Ce3AfC12E553ebBA274,PUMP,35.09
factory/osmo1z6r6qdknhgsc0zeracktgpcxf43j6sekq07nw8sxduc9lg0qjjlqfu25e3/alloyed/allBTC,Bitcoin,BTC,osmosis,osmosis,1821908001096,76563.08,1930-factory_osmo1z6r6qdknhgsc0zeracktgpcxf43j6sekq07nw8sxduc9lg0qjjlqfu25e3_alloyed_allBTC-ibc_498A0751C798A0D9A389AA3691123DADA57DAA4FE165D5C75894505B876BA6E4,1721745959000,91298.3563,91298.35,ibc/498A0751C798A0D9A389AA3691123DADA57DAA4FE165D5C75894505B876BA6E4,USDC,13.07
0x5a2cb99047f4AEb8C68710A738F41AF1350b4087,Bitcoin,BTC,bsc,pancakeswap,780787,120019.08,0xa272c1f88682A995Aa82021C0ac97752c073A4A2,1747984212000,0.0000008702,0.0007807,0xbb4CdB9CBd36B01bD1cBaEBF2De08d9173bc095c,WBNB,3724.21
0x134c54Bba70f7Fe1f89Ce2e40c7419EE6d3D3Cd5,BTC,BTC,bsc,pancakeswap,414852,226484.75,0x5840B79d19c053a79923dF738a251426d8879308,1711616208000,2.1242,2.12,0x55d398326f99059fF775485246999027B3197955,USDT,12.92
0x321162Cd933E2Be498Cd2267a90534A804051b11,Bitcoin,BTC,fantom,spookyswap,747480,45484.29,0xFdb9Ab8B9513Ad9E419Cf19530feE49d412C3Ee3,,6364.03593,641.49,0x21be370D5312f44cB42ce377BC9b8a0cEF1A4C83,WFTM,62.24
0xC0BC84e95864BdfDCd1CCFB8A3AA522E79Ca1410,bitcoin,btc,ethereum,uniswap,614506,297032.02,0x7C2caefE7EF6F5EdF53CDcea8D60ea615f102E0c,1716835007000,0.00001834,0.05722,0xC02aaA39b223FE8D0A0e5C4F27eAD9083C756Cc2,WETH,9.35
BTC.rchGBxcD1A1C2tdxF6papQYZ8kjRKMYcL,BTC,BTC,xrpl,xrpl,33070581,38257.13,BTC.rchGBxcD1A1C2tdxF6papQYZ8kjRKMYcL_XRP,1479067542000,43745.4502,92307.27,XRP,XRP,212.29
0xD629eb00dEced2a080B7EC630eF6aC117e614f1b,Wrapped Bitcoin,BTC,celo,ubeswap,182772,11771.33,0x83CF02F79Be87A7402A3Cac013d0e1C95FeFcAba,1622730222000,66598.4791,66598.47,0x64dEFa3544c695db8c535D289d843a189aa26b98,mCUSD,117.86
TCUNY6vXhN7vefHLGSLVkPqTxk9dThuKL5,BTC,btc,tron,sunswap,25696,24237.93,TXQysXJcZHkJpd2ewisVkft9F18qYomLiB,1724420883000,0.00009173,0.00002569,TNUC9Qb1rRpS5CbWLmNMxXBjyFoydXjWFR,WTRX,9.99
9n4nbM75f5Ui33ZbPYXn59EwSgE8CGsHtAeTH5YFeJ9E,Wrapped Bitcoin (Sollet),BTC,solana,orca,7023248,9427.33,8DRw5wQE1pyg6RB1UwypGNFgb2Pzp2hpyDDNwo76Lcc8,1669603962000,2.3594,434.87,mSoLzYCxHdYgdzU16g5QSh3i5K3z3KZK7ytfqcJm7So,mSOL,237.43
0xe993278fF97C505098dEC831Afb9f4afF2526698,Bitcoin Inu,BTC,bsc,pancakeswap,4421,4247.35,0xAfc5232649F116efDc7c05C64a1beD6b90F19C9D,1759863338000,0.0000002305,0.0002105,0xbb4CdB9CBd36B01bD1cBaEBF2De08d9173bc095c,WBNB,240.91
9n4nbM75f5Ui33ZbPYXn59EwSgE8CGsHtAeTH5YFeJ9E,Wrapped Bitcoin (Sollet),BTC,solana,raydium,7057529,6288.48,ynV2H2b7FcRBho2TvE25Zc4gDeuu2N45rUw9DuJYjJ9,1669603894000,2.3493,436.99,mSoLzYCxHdYgdzU16g5QSh3i5K3z3KZK7ytfqcJm7So,mSOL,139.21
3Expf4KgPJ2tJHoz71jZmLP6RpSbW8bCMqiNH7oepump,United States Dog Token,USDT,solana,pumpswap,7619,8805.91,DD28ccspGqePznTGLPxUHGbs7TNyJL8o43YmEfWzVgDK,1765264851000,0.00000005507,0.000007620,So11111111111111111111111111111111111111112,SOL,493298.22
0xfde4C96c8593536E31F229EA8f37b2ADa2699bb2,Tether USD,USDT,base,uniswap,24049816,168273.72,0xf13203ddbf2c9816a79b656a1a952521702715d92fea465b84ae2ed6e94a7f22,1746271757000,0.9990,0.9990,0x833589fCD6eDb6E08f4c7C32D4f71b54bdA02913,USDC,3197588.48
0xfde4C96c8593536E31F229EA8f37b2ADa2699bb2,Tether USD,USDT,base,aerodrome,24047893,106152.12,0x9785eF59E2b499fB741674ecf6fAF912Df7b3C1b,,0.0003008,0.9989,0x4200000000000000000000000000000000000006,WETH,2608520.97
0xfde4C96c8593536E31F229EA8f37b2ADa2699bb2,Tether USD,USDT,base,aerodrome,24048199,3351223.17,0xa41Bc0AFfbA7Fd420d186b84899d7ab2aC57fcD1,,0.9989,0.9989,0x833589fCD6eDb6E08f4c7C32D4f71b54bdA02913,USDC,2925627.99
0xfde4C96c8593536E31F229EA8f37b2ADa2699bb2,Tether USD,USDT,base,uniswap,24009517,207143.79,0xd92E0767473D1E3FF11Ac036f2b1DB90aD0aE55F,1713309023000,0.0003008,0.9973,0x4200000000000000000000000000000000000006,WETH,607170.74
0xfde4C96c8593536E31F229EA8f37b2ADa2699bb2,Tether USD,USDT,base,pancakeswap,24048582,20259.07,0x526d54cD4FAc2e6B2ddCb6bC98b9292603061f85,1721028999000,0.0003007,0.9990,0x4200000000000000000000000000000000000006,WETH,128437.56
0xfde4C96c8593536E31F229EA8f37b2ADa2699bb2,Tether USD,USDT,base,uniswap,24049676,20441.79,0xe1d05fe2b899df927bc67e5eedaccb95d06bf7c769ed68469bb773615f2401f8,1746177835000,0.9990,0.9990,0x833589fCD6eDb6E08f4c7C32D4f71b54bdA02913,USDC,3124568.62
0xfde4C96c8593536E31F229EA8f37b2ADa2699bb2,Tether USD,USDT,base,uniswap,24048859,125098.68,0xd3020570106c58635ff7f549659c4c310409c9a5d698cb826842bc8a39e3ce81,1745831855000,0.9990,0.9990,0x833589fCD6eDb6E08f4c7C32D4f71b54bdA02913,USDC,307865.35
0x3A337a6adA9d885b6Ad95ec48F9b75f197b5AE35,Tether USD,USDT,soneium,kyo-finance,447288,44283.18,0x3F3106df14f37a3539A50C82DaE1fEe783fC3513,1736788807000,0.9988,0.9988,0xbA9986D2381edf1DA03B0B9c1f8b00dc4AacC369,USDC.e,65338.49
0x919C1c267BC06a7039e03fcc2eF738525769109c,TetherUSDt,USDt,kava,0xD6E4170C9097A5B5C85E8A39111bF37E47C90076,161919400,267323.87,0x26216b7b7dE80399b601b8217DA272b82d4f34cb,1742809277000,8.9448,1.012,0xc86c7C0eFbd6A49B35E8714C5f59D99De09A225b,WKAVA,58610.44
0x279d6564A78Cc9f126eC630e8a826DD55294f875,USDT,USDT,pulsechain,pulsex,114938,23678.03,0x562D6ce995f81871a2A81fB63B4B91D630ca38Cc,1738492335000,5.4188,0.0001149,0xA1077a294dDE1B09bB078844df40758a5D0f9a27,WPLS,196.58
0xfde4C96c8593536E31F229EA8f37b2ADa2699bb2,Tether USD,USDT,base,uniswap,24048169,135060.33,0xD56da2B74bA826f19015E6B7Dd9Dae1903E85DA1,1713305089000,0.9989,0.9989,0x833589fCD6eDb6E08f4c7C32D4f71b54bdA02913,USDC,95340.78
C1uuwHeiNyhvKy1n33w5i2FgWcCCpj7xdhXaBrMiDrKh,United States Dog Token,USDT,solana,launchlab,4113.29,0,DU2HUUYjbFgMbqtQZt3yWACZxRKAVPqRtHeJd6Rh5WkC,1765263221000,0.000004113,0.000004113,USD1ttGY1N17NEEHLmELoaybftRBUSErhqYiQzvEmuB,USD1,69490.19
0x0709F39376dEEe2A2dfC94A58EdEb2Eb9DF012bD,USDT,USDT,abstract,aborean,4931978,3412490.24,0xB3cF80E7E3988705E45F5EA1Cf0Be8a50fA8Af17,1759886595000,0.9999,0.9999,0x84A71ccD554Cc1b02749b35d22F684CC8ec987e1,USDC.e,441557.45
0x0709F39376dEEe2A2dfC94A58EdEb2Eb9DF012bD,USDT,USDT,abstract,abstractswap,4931978,1124550.04,0xf9b8af78cfDEaDB502A0B9D3D5712FfcdE707860,1738450133000,0.9999,0.9999,0x84A71ccD554Cc1b02749b35d22F684CC8ec987e1,USDC.e,126438.83
usdt.tether-token.near,Tether USD,USDt,near,rhea-finance,526114351,1168193.63,refv1-6416,1748338441000,1.0002725,1.00027,17208628f84f5d6ad33f0da3bbbeb27ffcb398eac501a31bd6ad2011e36133a1,USDC,95319.8
0xfde4C96c8593536E31F229EA8f37b2ADa2699bb2,Tether USD,USDT,base,pancakeswap,24048098,389899.02,0x5f07bb9fEE6062e9D09A52E6d587c64bAD6bA706,1722357677000,0.9989,0.9989,0x833589fCD6eDb6E08f4c7C32D4f71b54bdA02913,USDC,102704.07
0x0709F39376dEEe2A2dfC94A58EdEb2Eb9DF012bD,USDT,USDT,abstract,aborean,4931465,3985786.81,0x5F41a8205a5Be2aA317c562E456E3b1231d3518F,1759525379000,0.9998,0.9998,0x84A71ccD554Cc1b02749b35d22F684CC8ec987e1,USDC.e,131262.57
ibc/4ABBEF4C8926DDDB320AE5188CFD63267ABBCEFC0583E4AE05D6E5AA2401DDAB,Tether USD,USDT,osmosis,osmosis,190051887326,123758.27,1220-ibc_4ABBEF4C8926DDDB320AE5188CFD63267ABBCEFC0583E4AE05D6E5AA2401DDAB-ibc_498A0751C798A0D9A389AA3691123DADA57DAA4FE165D5C75894505B876BA6E4,1696252492000,0.9998,0.9998,ibc/498A0751C798A0D9A389AA3691123DADA57DAA4FE165D5C75894505B876BA6E4,USDC,23102.42
0x0B38e83B86d491735fEaa0a791F65c2B99535396,Tether USD,USDT,flare,sparkdex,2703316,999706.31,0xE1D25fc5fD9a961Cc924eA701D15C74571Bfd6A9,1745937391000,0.9996,0.9996,0xe7cd86e13AC4309349F30B3435a9d337750fC82D,USD₮0,21191.78
9UiUUZp3fj2WU9BN43RdNssi4fPod5iNwE72KX4jdpww,USDT,USDT.w,solana,raydium,792736335,166178.31,TqUezDHePPyypwcwPradaBgNYTgUCGY1sSg5Mzq4g8u,1764176049000,0.007055,0.9973,So11111111111111111111111111111111111111112,SOL,9055.16
TR7NHqjeKQxGTCi8q8ZY4pL8otSzgjLj6t,Tether USD,USDT,tron,sunswap,80495010422,1247960.17,TR4fHizLc7xCy6v1UVdTqLxYzTW1QHCds6,1643684067000,0.9999,0.9999,TUpMhErZL2fhh4sVNULAbNKLokS4GjC1F4,TUSD,644.64
factory/osmo1em6xs47hd82806f5cxgyufguxrrc7l0aqx7nzzptjuqgswczk8csavdxek/alloyed/allUSDT,Tether USD,USDT,osmosis,osmosis,190058005156,143436.64,1835-factory_osmo1em6xs47hd82806f5cxgyufguxrrc7l0aqx7nzzptjuqgswczk8csavdxek_alloyed_allUSDT-ibc_498A0751C798A0D9A389AA3691123DADA57DAA4FE165D5C75894505B876BA6E4,1717713225000,0.9999,0.9999,ibc/498A0751C798A0D9A389AA3691123DADA57DAA4FE165D5C75894505B876BA6E4,USDC,14844.31
0xf55BEC9cafDbE8730f096Aa55dad6D22d44099Df,Tether USD,USDT,scroll,ambient,12378111,740708.69,0x06eFdBFf2a14a7c8E15944D1F4A48F9F95F663A4-0xf55BEC9cafDbE8730f096Aa55dad6D22d44099Df-420,,1.00003972,1.000039,0x06eFdBFf2a14a7c8E15944D1F4A48F9F95F663A4,USDC,56412.69
0x0B38e83B86d491735fEaa0a791F65c2B99535396,Tether USD,USDT,flare,blazeswap,2712443,237006.67,0xdF4b31b81D59EcA0CFc30ecb2beb36EAEbaf7A49,1723292177000,76.7611,1.0030,0x1D80c49BbBCd1C0911346656B529DF9E5c2F783d,WFLR,6192.15
0xfde4C96c8593536E31F229EA8f37b2ADa2699bb2,Tether USD,USDT,base,quickswap,22246499,106737.24,0xd30B9fA98713425c0302593d7F8F094be31E9710,1752581139000,0.9988,0.9988,0x833589fCD6eDb6E08f4c7C32D4f71b54bdA02913,USDC,21504.63
usdt.tether-token.near,Tether USD,USDt,near,rhea-finance,526026318,875693.94,refv1-5516:1,1729285711000,1.0001052,1.00010,dac17f958d2ee523a2206206994597c13d831ec7.factory.bridge.near,USDT.e,4619.81
8jqAwkmdL2uRnxCRA8ZVS9o5U6uPQe8go4YzPQUf3yjB,Tether ,USDT ,solana,raydium,185791008461,2153607.17,JBJ8JkLXQSy1UpRqhL2wsos2Ra6PeVkiNTtp3Womad32,1764062400000,1.0005001,1.00050,Es9vMFrzaCERmJfrF4H2FYD4KCoNkY11McCe8BenwNYB,USDT,315432.41
0x6047828dc181963ba44974801FF68e538dA5eaF9,Tether USD,USDT,sonic,shadow-exchange,1186459,157227.91,0x9053fE060f412ad5677f934F89e07524343eE8E7,1739246650000,1.0002436,1.00024,0x29219dd400f2Bf60E5a23d13Be72B486D4038894,USDC,5520.66
0xfde4C96c8593536E31F229EA8f37b2ADa2699bb2,Tether USD,USDT,base,uniswap,23982354,111465.68,0x82ccD0de0293CCBD2184901a69fdc2dd8073320E,1738451247000,0.9962,0.9962,0x833589fCD6eDb6E08f4c7C32D4f71b54bdA02913,USDC,1450.74
0xb88339CB7199b77E23DB6E890353E22632Ba630f,USDC,USDC,hyperevm,prjx,49927575,4300324.58,0x6c9A33E3b592C0d65B3Ba59355d5Be0d38259285,1758026880000,0.03557,1.00076,0x5555555555555555555555555555555555555555,WHYPE,18354441.85
0xA0b86991c6218b36c1d19D4a2e9Eb0cE3606eB48,USD Coin,USDC,pulsechain,pulsex,31052574,101732.94,0x6444456960C3f95b5b408f4d9E00220643f06F94,1683944275000,51.3698,0.001090,0xA1077a294dDE1B09bB078844df40758a5D0f9a27,WPLS,40481.16
0xb88339CB7199b77E23DB6E890353E22632Ba630f,USDC,USDC,hyperevm,ramses,49907355,1550418.57,0x46abBdfC675ffa9dDf032c64FEE363745204E63e,1762531800000,0.9998,1.00036,0xB8CE59FC3717ada4C02eaDF9682A9e934F625ebb,USD₮0,6680401.23
0xb88339CB7199b77E23DB6E890353E22632Ba630f,USDC,USDC,hyperevm,hybra-finance,49914599,218757.67,0x7319aC5bB90164191bD236c16000fa3f1c29E456,1760864640000,0.9998,1.00050,0xB8CE59FC3717ada4C02eaDF9682A9e934F625ebb,USD₮0,2364117.82
0xb88339CB7199b77E23DB6E890353E22632Ba630f,USDC,USDC,hyperevm,ramses,49922381,291557.92,0x5a177cF0EfFB7e0e7115D792E587c1A5a9CbC9D4,1762549500000,0.03558,1.00066,0x5555555555555555555555555555555555555555,WHYPE,1494369.07
0xe15fC38F6D8c56aF07bbCBe3BAf5708A2Bf42392,USDC,USDC,seiv2,dragonswap,73464249,5297909.25,0xcca2352200a63eb0Aaba2D40BA69b1d32174F285,1753355679000,7.2697,1.0032,0xE30feDd158A2e3b13e9badaeABaFc5516e95e8C7,WSEI,3095978.39
0x176211869cA2b568f2A7D4EE941E073a821EE1ff,USDC,USDC,linea,etherex,47618263,484475.04,0x35521ec62d91375AC9510d1FeEFe254b4B582EA0,1753741301000,0.9997,0.9997,0xA219439258ca9da29E9Cc4cE5596924745e12B93,USDT,659359.3
0xbae207659db88bea0cbead6da0ed00aac12edcdda169e591cd41c94180b46f3b,USDC,USDC,aptos,thala,319607553,103316.36,0xa928222429caf1924c944973c2cd9fc306ec41152ba4de27a001327021a4dff7-0xa-0xbae207659db88bea0cbead6da0ed00aac12edcdda169e591cd41c94180b46f3b,1740951796000,0.5296,1.0010,0xa,APT,75640.11
0xcebA9300f2b948710d2653dD7B07f33A8B32118C,USDC,USDC,celo,uniswap,39935097,2347736.64,0x1a810e0B6c2dd5629AFa2f0c898b9512C6F78846,1711646998000,0.9998,0.9998,0x48065fbBE25f71C9282ddf5e1cD6D6A887483D5e,USD₮,1660863.79
0x080f7A005834c84240F25B2Df4AED8236bd57812,USDC,USDC,pulsechain,pulsex,113824,22699.21,0x0B3D01Dfd8B45C43695ba11547b459D55714f2a4,1738484555000,5.3602,0.0001138,0xA1077a294dDE1B09bB078844df40758a5D0f9a27,WPLS,92.61
0xb88339CB7199b77E23DB6E890353E22632Ba630f,USDC,USDC,hyperevm,prjx,49846793,1417531.05,0x94291BEA4c3aC9dBE81615083BB9A028722eeBeC,1758031740000,0.9998,0.9991,0xB8CE59FC3717ada4C02eaDF9682A9e934F625ebb,USD₮0,2803930.58
0xb88339CB7199b77E23DB6E890353E22632Ba630f,USDC,USDC,hyperevm,kittenswap,49933401,231703.35,0x12Df9913E9E08453440e3C4B1aE73819160b513E,1758032219000,0.03559,1.00088,0x5555555555555555555555555555555555555555,WHYPE,545978.67
0xcebA9300f2b948710d2653dD7B07f33A8B32118C,USDC,USDC,celo,velodrome,39760166,74943.11,0xA70c1084b65c6f259f698C050b983B925Fe30e08,,5.7310,0.9954,0x471EcE3750Da237f93B8E339c536989b8978a438,CELO,628808.96
0xcebA9300f2b948710d2653dD7B07f33A8B32118C,USDC,USDC,celo,velodrome,39934862,139477.51,0x953f87a2C26344d4A667a640758A1Fa038eEA80E,,0.9998,0.9998,0x48065fbBE25f71C9282ddf5e1cD6D6A887483D5e,USD₮,348905.95
0xe15fC38F6D8c56aF07bbCBe3BAf5708A2Bf42392,USDC,USDC,seiv2,dragonswap,73235391,1982949.56,0x8b7bC59c92f77980d1120406a173D7C611060DA3,1753308216000,1.00009544,1.000095,0x3894085Ef7Ff0f0aeDf52E2A2704928d1Ec074F1,USDC.n,55252.84
0xb88339CB7199b77E23DB6E890353E22632Ba630f,USDC,USDC,hyperevm,hyperswap,49905286,207141.56,0xe712D505572b3f84C1B4deB99E1BeAb9dd0E23c9,1758029520000,0.03559,1.00031,0x5555555555555555555555555555555555555555,WHYPE,205979.15
0xcebA9300f2b948710d2653dD7B07f33A8B32118C,USDC,USDC,celo,uniswap,39936309,204372.1,0x34757893070B0FC5de37AaF2844255fF90F7F1E0,1708729634000,0.9998,0.9998,0x765DE816845861e75A25fCA122bb6898B8B1282a,cUSD,64667.05
0x2D270e6886d130D724215A266106e6832161EAEd,USDC,USDC,ink,velodrome,31384960,414203.16,0x62C92624B8583156FC9345A7a0ED8a1F6A9Ad848,,0.9997,0.9980,0x0200C29006150606B650577BBE7B6248F58470c1,USD₮0,331077.47
ibc/D189335C6E4A68B513C10AB227BF1C1D38C746766278BA3EEB4FB14124F1D858,USD Coin,USDC,osmosis,osmosis,59300000,350758.9,1212-ibc_D189335C6E4A68B513C10AB227BF1C1D38C746766278BA3EEB4FB14124F1D858-ibc_498A0751C798A0D9A389AA3691123DADA57DAA4FE165D5C75894505B876BA6E4,1695016067000,1.0000,1.00,ibc/498A0751C798A0D9A389AA3691123DADA57DAA4FE165D5C75894505B876BA6E4,USDC,195143.95
0x5e156f1207d0ebfa19a9eeff00d62a282278fb8719f4fab3a586a0a2c0fffbea::coin::T,USD Coin,USDC,aptos,thala,558590,959724.12,thala-5,1680211990000,1.0008673,1.00086,0xf22bede237a07e121b56d91a491eb7bcdfd1f5907926a9e58338f964a01b17fa::asset::USDC,USDC,2805.93
0xf22bede237a07e121b56d91a491eb7bcdfd1f5907926a9e58338f964a01b17fa::asset::USDC,USD Coin,USDC,aptos,liquidswap,4025930,262148.4,liquidswapv0p5-16,1677850553000,0.9996,0.9996,0xf22bede237a07e121b56d91a491eb7bcdfd1f5907926a9e58338f964a01b17fa::asset::USDT,USDT,2729.94
ibc/D189335C6E4A68B513C10AB227BF1C1D38C746766278BA3EEB4FB14124F1D858,USD Coin,USDC,osmosis,osmosis,59305416,110338.82,1223-ibc_D189335C6E4A68B513C10AB227BF1C1D38C746766278BA3EEB4FB14124F1D858-ibc_498A0751C798A0D9A389AA3691123DADA57DAA4FE165D5C75894505B876BA6E4,1696542878000,1.00009132,1.000091,ibc/498A0751C798A0D9A389AA3691123DADA57DAA4FE165D5C75894505B876BA6E4,USDC,72081.05
5553444300000000000000000000000000000000.rGm7WCVp9gb4jZHWTEtGUr4dd74z2XuWhE,USDC,USDC,xrpl,xrpl,8254176,607282.96,5553444300000000000000000000000000000000.rGm7WCVp9gb4jZHWTEtGUr4dd74z2XuWhE_XRP,1744160601000,0.4734,0.9998,XRP,XRP,67765.23
0x176211869cA2b568f2A7D4EE941E073a821EE1ff,USDC,USDC,linea,etherex,47620962,5840788.72,0x8418e91cf8Cbf7Dd37B6492e23Bec75D0F4D81D8,,0.9998,0.9998,0xA219439258ca9da29E9Cc4cE5596924745e12B93,USDT,456446.13
0xb73603C5d87fA094B7314C74ACE2e64D165016fb,USD Coin,USDC,manta,quickswap,2163848,1576305.33,0x462609C41ca27bD4240778c53c0908542B59B972,1699268989000,1.00004480,1.000044,0xf417F5A458eC102B90352F697D6e2Ac3A3d2851f,USDT,5771.31
0x000000000000000000000000000000000006f89a,USD Coin,USDC,hedera,saucerswap,447368201,730981.5,0x27784a45fDEE4d8f355237a4E92f259c1D7D7617,1699464324000,0.9941,0.9941,0x0000000000000000000000000000000000101Ae3,USDC[hts],89000.04
0xA0b86991c6218b36c1d19D4a2e9Eb0cE3606eB48,USD Coin,USDC,pulsechain,pulsex,30648136,8470872.49,0xC636bfE0bAe34824380B4E26Bc34e4614e55e483,1685325445000,0.02276,0.001076,0xCc78A0acDF847A2C1714D2A925bB4477df5d48a6,ATROPA,17633.5
0x176211869cA2b568f2A7D4EE941E073a821EE1ff,USDC,USDC,linea,lynex,47620514,192334.01,0x6E9AD0B8A41E2c148e7B0385d3EcBFDb8A216a9B,,0.9998,0.9998,0xA219439258ca9da29E9Cc4cE5596924745e12B93,USDT,63595.33
0x09Bc4E0D864854c6aFB6eB9A9cdF58aC190D0dF9,USD Coin,USDC,mantle,merchantmoe,35926153,178835.04,0x48C1A89af1102Cad358549e9Bb16aE5f96CddFEc,1712670334000,1.0000,1.00,0x201EBa5CC46D216Ce6DC03F6a759e8E766e956aE,USDT,129347.09
0x1d17CBcF0D6D143135aE902365D2E5e2A16538D4,USDC,USDC,zksync,oku,24562907,105678.52,0xeEcB86c38c4667b46487255F41c6904DF3D76F8F,1718296889000,0.0003014,0.9979,0x5AEa5775959fBC2557Cc8789bC1bf90A239D9a91,WETH,22097.87
0x311935Cd80B76769bF2ecC9D8Ab7635b2139cf82,Solana,SOL,base,uniswap,6888723,505132.64,0x4c598eD2D67D2f189263f70cf4573c5c1e6718b3,1764724473000,2726.5802,137.78,0x1111111111166b7FE7bd91427724B487980aFc69,ZORA,36729.12
0x570A5D26f7765Ecb712C0924E4De545B89fD43dF,SOLANA,SOL,bsc,pancakeswap,207260852,3105926.13,0xbFFEc96e8f3b5058B1817c14E4380758Fada01EF,1702258312000,0.1533,138.18,0xbb4CdB9CBd36B01bD1cBaEBF2De08d9173bc095c,WBNB,4258570.92
0x0Ef8DF91069Be9483859C86937cBA7a1D31713cb,SolanaZeroLayer,SOL,bsc,pancakeswap,3389322865,2846.88,0x52db7C956270BD05B0375C912A44903A60a2A92f,1752511394000,138.1072,138.10,0x55d398326f99059fF775485246999027B3197955,USDT,641.48
0x0Ef8DF91069Be9483859C86937cBA7a1D31713cb,SolanaZeroLayer,SOL,bsc,uniswap,3284867941,1335.3,0xa620DB64D7d93dc0a7F17634C998CFB501bfea7c,1753310201000,1.0001388,133.85,0x570A5D26f7765Ecb712C0924E4De545B89fD43dF,SOL,612.78
factory/osmo1n3n75av8awcnw4jl62n3l48e6e4sxqmaf97w5ua6ddu4s475q5qq9udvx4/alloyed/allSOL,Solana,SOL,osmosis,osmosis,84775165862,112984.96,3117-factory_osmo1n3n75av8awcnw4jl62n3l48e6e4sxqmaf97w5ua6ddu4s475q5qq9udvx4_alloyed_allSOL-ibc_498A0751C798A0D9A389AA3691123DADA57DAA4FE165D5C75894505B876BA6E4,1755249472000,137.8299,137.82,ibc/498A0751C798A0D9A389AA3691123DADA57DAA4FE165D5C75894505B876BA6E4,USDC,16834.65
ibc-A8B0B746B5AB736C2D8577259B510D56B8AF598008F68041E3D634BCDE72BE97,Solana,SOL,injective,helix,225882,0,0xd9089235d2c1b07261cbb2071f4f5a7f92fa1eca940e3cad88bb671c288a972f,,138.1200,138.12,peggy0xdAC17F958D2ee523a2206206994597C13D831ec7,USDT,48875.97
0x873301F2B4B83FeaFF04121B68eC9231B29Ce0df,SOLANA,SOL,pulsechain,pulsex,182431,27840.7,0x30fe90B1ad644970C48a6B5886EC39B1e3df97Ee,1738492765000,8.6009,0.0001824,0xA1077a294dDE1B09bB078844df40758a5D0f9a27,WPLS,3708.04
DTRk5rrMu2DFNrDoM6KzVxytYX3T82dTxyXezM1pSk5G,Solana,SOL,solana,raydium,3138965,1501322.75,AZrFQYbGsKDepAWbFFchBGATWWARqvGi3sgSczraQa4b,1764940134000,136.4767,136.47,EPjFWdd5AufqSSqeM2qN1xzybapC8G4wEGGkZwyTDt1v,USDC,119473.47
0xd93f7E271cB87c23AaA73edC008A79646d1F9912,Wrapped SOL,SOL,polygon,uniswap,4451000,280371.69,0x019C29d5C97f8CBAa67013E2Cf4b6506a5cf183a,1704381017000,0.04174,138.54,0x7ceB23fD6bC0adD59E62ac25578270cFf1b9f619,WETH,80750.08
factory/osmo1n3n75av8awcnw4jl62n3l48e6e4sxqmaf97w5ua6ddu4s475q5qq9udvx4/alloyed/allSOL,Solana,SOL,osmosis,osmosis,85150410357,65276.21,2054-factory_osmo1n3n75av8awcnw4jl62n3l48e6e4sxqmaf97w5ua6ddu4s475q5qq9udvx4_alloyed_allSOL-factory_osmo1z6r6qdknhgsc0zeracktgpcxf43j6sekq07nw8sxduc9lg0qjjlqfu25e3_alloyed_allBTC,1723883697000,0.001493,138.43,factory/osmo1z6r6qdknhgsc0zeracktgpcxf43j6sekq07nw8sxduc9lg0qjjlqfu25e3/alloyed/allBTC,BTC,30413.35
0x2bcC6D6CdBbDC0a4071e48bb3B969b06B3330c07,Wrapped SOL,SOL,arbitrum,camelot,10174806,194234.51,0x622B5186384783BB805c12A808cCF07F41DE1Ff0,,137.9482,137.95,0xaf88d065e77c8cC2239327C5EDb3A432268e5831,USDC,29625.06
0x2bcC6D6CdBbDC0a4071e48bb3B969b06B3330c07,Wrapped SOL,SOL,arbitrum,uniswap,10186319,170285.34,0x3B7C8de2Cf66059b85025F170b58CAD84d361Fe1,1703211082000,138.1390,138.11,0xaf88d065e77c8cC2239327C5EDb3A432268e5831,USDC,30948.34
0xc9DE0F3e08162312528FF72559db82590b481800,SOL,SOL,cronos,vvsfinance,6671819,135530.48,0x326d947eE700bb99A952ffB2f7758bBA8BA08DF0,1650277785000,1306.1829,137.81,0x5C7F8A570d578ED84E63fdFA7b1eE72dEae1AE23,WCRO,9733.84
0x634608ed64c61CA9e741F8095193c0bFa0FA19Cc,Solana,SOL,avalanche,traderjoe,431513,697128.3,0x1e99E3A1eB5FdF26893028c21aD9E5eE868D01D7,1754513367000,9.4900,138.56,0xB31f66AA3C1e785363F0875A1B74E27b85FD66c7,WAVAX,18050.16
1000752,Solana (Moonbeam Wormhole),SOL,polkadot,hydration,1879266,66400577.37,0x6d6f646c6f6d6e69706f6f6c0000000000000000000000000000000000000000-1-1000752,,9.5106,138.31,1,H2O,157187.48
0x634608ed64c61CA9e741F8095193c0bFa0FA19Cc,Solana,SOL,avalanche,blackhole,430195,1044674.69,0x69307c779700DE6EC88aBe6f15a118E800429d01,,9.4731,138.13,0xB31f66AA3C1e785363F0875A1B74E27b85FD66c7,WAVAX,6676.06
22.contract.portalbridge.near,Wrapped SOL,SOL,near,rhea-finance,219712,113818.45,refv1-5965,1739980501000,76.1692,137.94,wrap.near,wNEAR,915.86
0x311935Cd80B76769bF2ecC9D8Ab7635b2139cf82,Solana,SOL,base,pancakeswap,6904238,8451.04,0xab07dE353E15b80fa3B4224D5C8fDF3Ac9F50670,1764906365000,0.04157,138.10,0x4200000000000000000000000000000000000006,WETH,123131.84
0x225B86198ba36321a8A840291416aEd62494043f,Wrapped SOL,SOL,berachain,kodiak,81723,86998.46,0xCE214367756fA4ff523289fc87c032Bc7a9abE70,1749824814000,138.2373,138.23,0xFCBD14DC51f0A4d49d5E53C2E0950e0bC26d0Dce,HONEY,18709.98
0x570A5D26f7765Ecb712C0924E4De545B89fD43dF,SOLANA,SOL,bsc,pancakeswap,207575762,865091.67,0x9F5a0AD81Fe7fD5dFb84EE7A0CFb83967359BD90,1693303207000,138.3912,138.39,0x55d398326f99059fF775485246999027B3197955,USDT,99636.08
0x2bcC6D6CdBbDC0a4071e48bb3B969b06B3330c07,Wrapped SOL,SOL,arbitrum,uniswap,10215805,82128.53,0xdaf544bCAB17E2dCD293C3Af28e67C7E8b5A49EE,1693729211000,0.04172,138.51,0x82aF49447D8a07e3bd95BD0d56f35241523fBab1,WETH,7538.03
0x311935Cd80B76769bF2ecC9D8Ab7635b2139cf82,Solana,SOL,base,pancakeswap,6906704,2767.27,0xbF9D262f0199Fea8BEF911175b1b313055aF4b1B,1764906493000,138.1495,138.14,0x833589fCD6eDb6E08f4c7C32D4f71b54bdA02913,USDC,16563.25
0x570A5D26f7765Ecb712C0924E4De545B89fD43dF,SOLANA,SOL,bsc,squadswap,207371644,129847.95,0x63bAA2f4aE6CffF08B9b4B58bA403ED6e15175B0,1747516152000,0.1532,138.25,0xbb4CdB9CBd36B01bD1cBaEBF2De08d9173bc095c,WBNB,250337.92
0x570A5D26f7765Ecb712C0924E4De545B89fD43dF,SOLANA,SOL,bsc,babyswap,207543448,186262.09,0xAe08C9D357731FD8d25681dE753551BE14C00405,1634228931000,138.3696,138.36,0x55d398326f99059fF775485246999027B3197955,USDT,15263.84
0x2bcC6D6CdBbDC0a4071e48bb3B969b06B3330c07,Wrapped SOL,SOL,arbitrum,pancakeswap,10200839,57546.68,0x1E59Fa2f0F4E34649Fae55222eaf4D730Ed35D95,1738306399000,0.04164,138.31,0x82aF49447D8a07e3bd95BD0d56f35241523fBab1,WETH,35463.07
0x570A5D26f7765Ecb712C0924E4De545B89fD43dF,SOLANA,SOL,bsc,pancakeswap,206805145,905002.7,0x1E4600929Edf7F36B4A7eAc4C7571057D82a246c,1681484535000,0.1531,137.87,0xbb4CdB9CBd36B01bD1cBaEBF2De08d9173bc095c,WBNB,24613.5
0x570A5D26f7765Ecb712C0924E4De545B89fD43dF,SOLANA,SOL,bsc,babyswap,207348651,214031.38,0x8abd16bCC9077A6C5eD834eC5bA43Ad03b9139dc,1638573051000,0.1532,138.23,0xbb4CdB9CBd36B01bD1cBaEBF2De08d9173bc095c,WBNB,6682.6
0x570A5D26f7765Ecb712C0924E4De545B89fD43dF,SOLANA,SOL,bsc,unchain-x,206798452,113254.59,0x3075aF6113BC0F1539b816f514d36B36Ca5217D1,1723165083000,0.1531,137.87,0xbb4CdB9CBd36B01bD1cBaEBF2De08d9173bc095c,WBNB,15013.82
0xfA54fF1a158B5189Ebba6ae130CEd6bbd3aEA76e,Wrapped SOL,SOL,bsc,uniswap,1225043,110606.76,0x25048028ad87484b7fCe99bc4e22Dcb6C3307470,1703411002000,0.1536,138.83,0xbb4CdB9CBd36B01bD1cBaEBF2De08d9173bc095c,WBNB,13306.62
0x570A5D26f7765Ecb712C0924E4De545B89fD43dF,SOLANA,SOL,bsc,pancakeswap,209326997,209731.01,0xa585Bf3F293dC86Ef78324A3bB992AE888254299,1682217271000,0.04203,139.55,0x2170Ed0880ac9A755fd29B2688956BD959F933F8,ETH,7741.75
0x6982508145454Ce325dDbE47a25d4ec3d2311933,Pepe,PEPE,ethereum,uniswap,2037340702,36219526.34,0xA43fe16908251ee70EF74718545e4FE6C5cCEc9f,1681492871000,0.000000001484,0.000004923,0xC02aaA39b223FE8D0A0e5C4F27eAD9083C756Cc2,WETH,2257826.4
0xc09C8242Eb21B24298303799Bb5Af402A2957777,Pepe on Monad,PEPE,monad,nad-fun,289663,41432.93,0x1c5f9A90Ff28f9d378b79A4ad400EC0C2bEaBCc5,1764013687000,0.01074,0.0002896,0x3bd359C1119dA7Da1D913D1C4D2B7c461115433A,WMON,30668.19
65aP2yHMZ6RxZpXn3iHhfBRnzCpwbZeVDTXAoi1gpump,PEPE,PEPE,solana,pumpswap,213569,59812.14,dUpSgU2QeEyGKVq9MLvdQXQP8KvGaPJdpvLm3jGNjUz,1762487299000,0.000001546,0.0002137,So11111111111111111111111111111111111111112,SOL,39831.52
0x52b492a33E447Cdb854c7FC19F1e57E8BfA1777D,BasedPepe,PEPE,base,uniswap,3075261,419375.56,0x0FB597D6cFE5bE0d5258A7f017599C2A4Ece34c7,1723143983000,0.000000000002276,0.000000007546,0x4200000000000000000000000000000000000006,WETH,12281.47
B5WTLaRwaUQpKk7ir1wniNB6m5o8GgMrimhKMYan2R6B,Pepe,Pepe,solana,raydium,465579,224928.86,FCEnSxyJfRSKsz6tASUENCsfGwKgkH6YuRn1AMmyHhZn,1716658709000,0.000003371,0.0004658,So11111111111111111111111111111111111111112,SOL,2669.72
0x1B71505D95Ab3e7234ed2239b8EC7aa65b94ae7B,PEPE,PEPE,pulsechain,pulsex,520851,53527.6,0x2A8F6137Ba7749560BB9e84b36CB2Ac9536d9e88,1738467285000,24.5447,0.0005209,0xA1077a294dDE1B09bB078844df40758a5D0f9a27,WPLS,10492.27
EkJuyYyD3to61CHVPJn6wHb7xANxvqApnVJ4o2SdBAGS,Pepe By Matt Furie,PEPE,solana,meteora,169018,37209.83,8Lvqv2jgNvcx1NDtMHd5Ahx8ZUjETfLwygq9MtDfPHxe,1754519172000,0.000001223,0.0001690,So11111111111111111111111111111111111111112,SOL,8479.55
0x52b492a33E447Cdb854c7FC19F1e57E8BfA1777D,BasedPepe,PEPE,base,quickswap,3205762,117534.36,0x4e7b4B8F4AAE334Bd5b6c8e00f030A84610198A1,1755024501000,0.000000000002298,0.000000007620,0x4200000000000000000000000000000000000006,WETH,8673.13
0x698DC45e4F10966f6D1D98e3bFd7071d8144C233,Pepe,PEPE,base,uniswap,225944,95947.36,0x76Fc8DbF2022EE75612cb74ec80caF6b3ccFfb23,1713818271000,0.0000000000001611,0.0000000005370,0x4200000000000000000000000000000000000006,WETH,723.53
2Zaq3WyDJj2ZkMcuqUiTBfAXCjqZtqihxcwUdwv9dyHA,PEPE,PEPE,solana,raydium,203931,69193.79,GdYgVJ6L5KEuiCkGcNXdaaoog4gFjeVPR2NJd3BFRYF5,1713027382000,0.000001657,0.0002372,So11111111111111111111111111111111111111112,SOL,821.68
F9CpWoyeBJfoRB8f2pBe2ZNPbPsEE76mWZWme3StsvHK,Pepe,PEPE,solana,raydium,139873,64618.25,4YcwqxR7eoH29rF2G7U9YmtzCt1n7tyHcywg3Emif85s,1674311403000,0.0002188,0.0002188,EPjFWdd5AufqSSqeM2qN1xzybapC8G4wEGGkZwyTDt1v,USDC,68.11
0x745912A153717AD7C151A6a06F2e31E420517777,Monad Pepe,Pepe,monad,nad-fun,16072,9434.8,0x119dDfd674019Fb17c17f11b22dfdCE2c36e4250,1763998130000,0.0005723,0.00001607,0x3bd359C1119dA7Da1D913D1C4D2B7c461115433A,WMON,26.71
0x80f45EaCF6537498ecc660e4e4A2D2F99e195Cf4,Pepe,PEPE,base,uniswap,103265,60619.4,0x01227583B488B1Ea8f518AE763D29Bf7FB89ef3d,1711950159000,0.00000003132,0.0001032,0x4200000000000000000000000000000000000006,WETH,10.95
9fc7RotETxP1DQUwcrhHauVjKGpNQDYMsTrf4hQKbonk,Pepe,Pepe,solana,raydium,32881,21266.89,9Tn9g3auTToU96UDvRk6hnkJLWp16V27Q8g4EaEUgZw8,1758164335000,0.00000008300,0.00000008300,USD1ttGY1N17NEEHLmELoaybftRBUSErhqYiQzvEmuB,USD1,41275.75
0x6982508145454Ce325dDbE47a25d4ec3d2311933,Pepe,PEPE,pulsechain,pulsex,1027631,7452.79,0x11659a752AC07452B9F139B897c917338e2dFB16,1685651325000,0.0001150,0.000000002442,0xA1077a294dDE1B09bB078844df40758a5D0f9a27,WPLS,943.56
TMacq4TDUw5q8NFBwmbY4RLXvzvG5JTkvi,PePe,PePe,tron,sunswap,20198179,856965.94,TKhJBwsH7hvegxrUHW4oHT5t1BUDds2UG4,1727800461000,0.07137,0.02019,TNUC9Qb1rRpS5CbWLmNMxXBjyFoydXjWFR,WTRX,43485.84
3A2esBQ4L8skCGpJm9netnUfA4u6bVVuGoP2saa3ixM2,Pepe coin,PEPE,solana,raydium,7111762,128801.65,3KkodADv5nsmte9rJLiyDKJyJejTH9kZCQDBeTsBoiog,1760031197000,0.000008889,0.000008889,EPjFWdd5AufqSSqeM2qN1xzybapC8G4wEGGkZwyTDt1v,USDC,56160.99
Ej47F4UxHb78mWaHRtLGuFGRvAmR4sXjEHeZvZbWNn53,Pepe,PEPE,solana,meteora,112231555,111231543.54,E9H1rNgCSXHsZxWBBUrq4piBaYSZAymm8c4SVWrwWWPw,1754795932000,0.00001247,0.00001247,EPjFWdd5AufqSSqeM2qN1xzybapC8G4wEGGkZwyTDt1v,USDC,3.99
2ebCEh2WtdmN4oET6Xvp5DTjPTocCjvurYviTb5UcUTb,Pepe,PEPE,solana,orca,90877290,89867546.03,GSzbpBLcD1SfwiPfSSwg9SKhWAfThP5w5BxmatD7zgTf,1759398334000,0.00001009,0.00001009,EPjFWdd5AufqSSqeM2qN1xzybapC8G4wEGGkZwyTDt1v,USDC,3.99
4Bskt3gjpvZetH1xKpH67qMDbypSFc58rt7NLRADYqWL,Pepe,PEPE,solana,meteora,9071790827,9070790851.23,DRgMpoEqXJyBRKqrKXjMPSXQWYUYmdocsh29U7tTQC4j,1751822211000,0.001007,0.001007,EPjFWdd5AufqSSqeM2qN1xzybapC8G4wEGGkZwyTDt1v,USDC,3.99
0x6982508145454Ce325dDbE47a25d4ec3d2311933,Pepe,PEPE,pulsechain,pulsex,1015667,11245.97,0xf605e37b1e5095DBA82A24812Ef504D19ce683ae,1688431585000,0.000000000008075,0.000000002414,0x2260FAC5E5542a773Aa44fBCfeDf7C193bc2C599,WBTC,753.85
5045504500000000000000000000000000000000.rJEApMjV7KVVopB8NB1WXQpQYVu84vRGTa,PEPE,PEPE,xrpl,xrpl,107641,27846.29,5045504500000000000000000000000000000000.rJEApMjV7KVVopB8NB1WXQpQYVu84vRGTa_XRP,1684953531000,0.0000000001292,0.0000000002732,XRP,XRP,156.23
0x52b492a33E447Cdb854c7FC19F1e57E8BfA1777D,BasedPepe,PEPE,base,uniswap,21063781,26660.71,0x67851cc0e79e1abbc312d1f3b181762e24ee025a1e6d6a5a1d0982dbdf7dcb92,1738220313000,0.00000000001664,0.00000005168,0x0000000000000000000000000000000000000000,ETH,0
0x6982508145454Ce325dDbE47a25d4ec3d2311933,Pepe,PEPE,pulsechain,9mm,984568,2925.72,0xa0c58c4B0ab21456604342a92FB8Cd6675db1DBA,1701290485000,0.0001145,0.000000002340,0xA1077a294dDE1B09bB078844df40758a5D0f9a27,WPLS,33.8
0x6982508145454Ce325dDbE47a25d4ec3d2311933,Pepe,PEPE,pulsechain,pulsex,1016151,3749.88,0x7D56C11Cf8FE5708267d5ad1AF45dEB411Ae8E0B,1686129025000,0.000001200,0.000000002415,0x6B175474E89094C44Da98b954EedeAC495271d0F,DAI,91.31
0x1B71505D95Ab3e7234ed2239b8EC7aa65b94ae7B,PEPE,PEPE,pulsechain,pulsex,523318,2077.6,0x8A4c6A9C0F9CEAEe531Cc158676Dbf530656CC15,1761701085000,0.2937,0.0005234,0x69e23263927Ae53E5FF3A898d082a83B7D6fB438,SCADA,266.91
0x1B71505D95Ab3e7234ed2239b8EC7aa65b94ae7B,PEPE,PEPE,pulsechain,9mm,515018,3118.77,0x660936bf7C13540221aa5cb3d9373A7Ef2B1435D,1738596535000,24.3844,0.0005150,0xA1077a294dDE1B09bB078844df40758a5D0f9a27,WPLS,295.66
0x6982508145454Ce325dDbE47a25d4ec3d2311933,Pepe,PEPE,pulsechain,pulsex,1005018,2651.63,0x52c3070188580e3715D23Fc6014e1DE1c9227358,1693275685000,0.3868,0.000000002389,0xd6c31bA0754C4383A41c0e9DF042C62b5e918f6d,TEDDY BEAR ㉾,67.01
0x6982508145454Ce325dDbE47a25d4ec3d2311933,Pepe,PEPE,pulsechain,pulsex,1026693,1228.83,0xDDAa0F4Bf2eAeE8e13B2045d03075C1822856DC6,1683944335000,0.0001149,0.000000002440,0xA1077a294dDE1B09bB078844df40758a5D0f9a27,WPLS,66.52
0x1B71505D95Ab3e7234ed2239b8EC7aa65b94ae7B,PEPE,PEPE,pulsechain,pulsex,519167,1303.75,0xa00ab096B9556F830009978a58B283ED0cEF4073,1738471815000,0.06146,0.0005192,0xe33a5AE21F93aceC5CfC0b7b0FDBB65A0f0Be5cC,MOST,184.66
9TY6DUg1VSssYH5tFE95qoq5hnAGFak4w3cn72sJNCoV,Department of Gov Efficiency,DOGE,solana,raydium,168624,132113.34,3pvmL7M24uqzudAxUYmvixtkWTC5yaDhTUSyB8cewnJK,1730196036000,0.0001217,0.01703,So11111111111111111111111111111111111111112,SOL,2489.5
factory/osmo10pk4crey8fpdyqd62rsau0y02e3rk055w5u005ah6ly7k849k5tsf72x40/alloyed/allDOGE,Dogecoin,DOGE,osmosis,osmosis,22548811774,104832.01,2700-factory_osmo10pk4crey8fpdyqd62rsau0y02e3rk055w5u005ah6ly7k849k5tsf72x40_alloyed_allDOGE-ibc_498A0751C798A0D9A389AA3691123DADA57DAA4FE165D5C75894505B876BA6E4,1738684188000,0.1483,0.1483,ibc/498A0751C798A0D9A389AA3691123DADA57DAA4FE165D5C75894505B876BA6E4,USDC,198057.54
0xDDe9164E7E0DA7ae48b58F36B42c1c9f80e7245F,DOGE,DOGE,pulsechain,pulsex,123704,24007.83,0x56AECe39050608a7944908a1754d0397067aA435,1738466795000,5.8377,0.0001238,0xA1077a294dDE1B09bB078844df40758a5D0f9a27,WPLS,1189.33
0x80E3Ee7bAB68fEAea6e01c44df9daa5de53e4818,DOGECOIN,DOGE,base,uniswap,153122,56173.69,0x95Dd03e7dF28a7fDbB2e36A5675034937218A6Ae,1714407965000,0.00000004539,0.0001531,0x4200000000000000000000000000000000000006,WETH,219.69
0xbA2aE424d960c26247Dd6c32edC70B295c744C43,Dogecoin,DOGE,bsc,squadswap,380294983,160629.58,0x73a7aDAba6c1Bb35Ba5b2Ef5056189507B0935F9,1740972113000,0.0001643,0.1484,0xbb4CdB9CBd36B01bD1cBaEBF2De08d9173bc095c,WBNB,5105109.49
0x1121AcC14c63f3C872BFcA497d10926A6098AAc5,Department Of Government Efficiency,DOGE,ethereum,uniswap,3323192,1099469.99,0x308C6fbD6a14881Af333649f17f2FdE9cd75e2a6,1724119115000,0.000001022,0.003394,0xC02aaA39b223FE8D0A0e5C4F27eAD9083C756Cc2,WETH,66226.84
0x1a8E39ae59e5556B56b76fCBA98d22c9ae557396,Dogecoin,DOGE,cronos,vvsfinance,2953998,158681.37,0x2A560f2312CB56327AD5D65a03F1bfEC10b62075,1639466893000,1.4034,0.1484,0x5C7F8A570d578ED84E63fdFA7b1eE72dEae1AE23,WCRO,3389.72
EQBphnWv7EkQvjIkGPjMNacYtXo2dEqFIybPTf8IxyBGjNSz,Dogecoin TON,DOGE,ton,dedust,63703,120699.87,EQBhunpH0U5N30AgXThQyIJBXxCc46EFzojKDDcoV7-PdbIG,1713341849000,0.001837,0.003033,EQAAAAAAAAAAAAAAAAAAAAAAAAAAAAAAAAAAAAAAAAAAAM9c,TON,39.42
CT5H6iLLXjfJP8ddeU1ii6XZoTokYsgeveaoED1Xp2RG,DOGEDOGE,DOGE,solana,raydium,567968183,26534289.15,FhsgPQ4EKS2dEFesVjssmbPrJcrwjAPomXkH8xx87Lx,1757768015000,0.2839,0.2839,EPjFWdd5AufqSSqeM2qN1xzybapC8G4wEGGkZwyTDt1v,USDC,56053.99
2KrskYehtM8eecqf47TBBQWeC5UQKgao8exDbNpDKDAs,DOGE,DOGE,solana,raydium,19998381,9999199.18,4FB9qxJXN5wUpMvT1cVW7dfXwq31vBuJJSccuxkstSRR,1762352493000,0.1999,0.1999,Es9vMFrzaCERmJfrF4H2FYD4KCoNkY11McCe8BenwNYB,USDT,672.83
0x4206931337dc273a630d328dA6441786BfaD668f,Dogecoin,DOGE,pulsechain,uniswap,34858,10045.72,0xfCd13EA0B906f2f87229650b8D93A51B2e839EBD,1683953505000,0.9833,0.001023,0xdAC17F958D2ee523a2206206994597C13D831ec7,USDT,53.36
0xDDe9164E7E0DA7ae48b58F36B42c1c9f80e7245F,DOGE,DOGE,pulsechain,uniswap,124520,10286.21,0xD9e7aFb35aD1040c470cC0d495e4b8D61cf52C9B,1759702515000,2.02506,0.0001246,0x367DC984491BeBEf09933764c44eCDe2393c351E,5INCH,189.84
0xbA2aE424d960c26247Dd6c32edC70B295c744C43,Dogecoin,DOGE,bsc,pancakeswap,380113078,1207881.8,0x353d328eFbEf48b79a570cBc2fdE20F40e9f2063,1731647297000,0.000001601,0.1483,0x7130d2A12B9BCbFAe4f2634d864A1Ee1Ce3Ead9c,BTCB,709060.19
0xDDe9164E7E0DA7ae48b58F36B42c1c9f80e7245F,DOGE,DOGE,pulsechain,pulsex,123642,1609.19,0x2BbfE161Cbc57537707ba26e8dfc97902ca189A8,1738472615000,0.01460,0.0001237,0xe33a5AE21F93aceC5CfC0b7b0FDBB65A0f0Be5cC,MOST,92.55
0xbA2aE424d960c26247Dd6c32edC70B295c744C43,Dogecoin,DOGE,bsc,pancakeswap,379556917,1275393.06,0xac109C8025F272414fd9e2faA805a583708A017f,1619230059000,0.0001643,0.1481,0xbb4CdB9CBd36B01bD1cBaEBF2De08d9173bc095c,WBNB,126691.08
0xbA2aE424d960c26247Dd6c32edC70B295c744C43,Dogecoin,DOGE,bsc,pancakeswap,380378650,1150723.67,0xce6160bB594fC055c943F59De92ceE30b8c6B32c,1680548375000,0.0001643,0.1484,0xbb4CdB9CBd36B01bD1cBaEBF2De08d9173bc095c,WBNB,429691.97
0x9CC7437978255e2c38B0d3D4671fb9AC411a68aC,DOGE,DOGE,pulsechain,pulsex,149780,72621.68,0xF30034233D8Da99AA61758B8aCde1eEDee8fb1F1,1685331145000,0.00000003261,0.000000001531,0xCc78A0acDF847A2C1714D2A925bB4477df5d48a6,ATROPA,131.97
KQijDbNJ6rPCqhtXrfH6gKa5cH3a39At8vHq34nnPbF,Department Of Governm (Wormhole),DOGE,solana,raydium,124923,3761.24,A12fbV1VVSg6hVHrKESuRcgQvyUPJ3cJmhXrVUo7LMeV,1730335016000,0.00002374,0.003139,So11111111111111111111111111111111111111112,SOL,859.89
444F474500000000000000000000000000000000.rp4GXygXPM2ydNLgiDeHrrkfuaAufSZaca,DOGE,DOGE,xrpl,xrpl,27215,16697.21,444F474500000000000000000000000000000000.rp4GXygXPM2ydNLgiDeHrrkfuaAufSZaca_XRP,1684953531000,0.00001553,0.00003202,XRP,XRP,21.28
0x1a8E39ae59e5556B56b76fCBA98d22c9ae557396,Dogecoin,DOGE,cronos,vvsfinance,2938627,61120.7,0x2c30327A7cE35b9294eCF8624d1Eda001B9E337f,1639478252000,69625.5974,0.1476,0x2D03bECE6747ADC00E1a131BBA1469C15fD11e03,VVS,1008.69
0xbA2aE424d960c26247Dd6c32edC70B295c744C43,Dogecoin,DOGE,bsc,pancakeswap,380087480,191513.19,0x89da4102853C6cf3F4e9979CBb1dC4a166F38E84,1680550879000,0.1483,0.1483,0x55d398326f99059fF775485246999027B3197955,USDT,35231.71
9TY6DUg1VSssYH5tFE95qoq5hnAGFak4w3cn72sJNCoV,Department of Gov Efficiency,DOGE,solana,orca,171630,3383.42,3rkiPz4yL23s5eK4kfz6TrWZfSYAAvUVBMcvx6cHDZ2j,1730273455000,0.0001241,0.01733,So11111111111111111111111111111111111111112,SOL,24.21
0xbA2aE424d960c26247Dd6c32edC70B295c744C43,Dogecoin,DOGE,bsc,unchain-x,379204572,138111.96,0x8FA849bF95b1C64E8D49C0EA444fBe0A1F7B9765,1723161754000,0.0001644,0.1479,0xbb4CdB9CBd36B01bD1cBaEBF2De08d9173bc095c,WBNB,37288.32
0xbA2aE424d960c26247Dd6c32edC70B295c744C43,Dogecoin,DOGE,bsc,biswap,379163532,164788.39,0x1eF315fa08e0E1B116D97E3dFE0aF292Ed8b7f02,1623255092000,0.0001644,0.1479,0xbb4CdB9CBd36B01bD1cBaEBF2De08d9173bc095c,WBNB,7164.7
0xbA2aE424d960c26247Dd6c32edC70B295c744C43,Dogecoin,DOGE,bsc,pancakeswap,379433624,3468620.87,0xC8469Ec692BC80a4a4ee702667c698B7632dedc7,1747394104000,0.1086,0.1480,0x5F980533B994c93631A639dEdA7892fC49995839,COSA,834.24
0x4206931337dc273a630d328dA6441786BfaD668f,Dogecoin,DOGE,bsc,pancakeswap,2191452,4032636.48,0x1D51f1f6Da2D274534c93a52303a39C286EC9B8F,1619280657000,0.0001648,0.1496,0xbb4CdB9CBd36B01bD1cBaEBF2De08d9173bc095c,WBNB,56943.48
0x846E52D0dd71C2FDC891538b2D37Ff84345c7B9f,Binance-Peg DOGE,DOGE,avalanche,blackhole,67209,55137.89,0x75575748336d52F9179d16c56De1F1f9FC3225dE,,0.1480,0.1480,0xB97EF9Ef8734C71904D8002F8b6Bc66Dd9c48a6E,USDC,7171.58
0xbA2aE424d960c26247Dd6c32edC70B295c744C43,Dogecoin,DOGE,bsc,pancakeswap,382255969,120547.58,0x4f9b68322619399877d2A7f215A13cFB53ADA516,1760028515000,0.3656,0.1491,0x85E43bF8faAF04ceDdcD03d6C07438b72606a988,VIN,1626.28
0xbA2aE424d960c26247Dd6c32edC70B295c744C43,Dogecoin,DOGE,bsc,pancakeswap,373490530,91294.85,0x254D0Ad3Ae81A6fC0e98434B740765606Ea4B479,1760285872000,0.0002285,0.1457,0xB7eC60CF8EF96eD48b119277BC7a954A87f27388,YFSX,1213.6
0xbA2aE424d960c26247Dd6c32edC70B295c744C43,Dogecoin,DOGE,bsc,uniswap,379497947,87908.51,0x3319a81A316Abd4c086F7048904E31fF86648B38,1694000168000,0.0001642,0.1480,0xbb4CdB9CBd36B01bD1cBaEBF2De08d9173bc095c,WBNB,47311.34
0xFCa95aeb5bF44aE355806A5ad14659c940dC6BF7,SHIBA INU,SHIB,base,uniswap,2931628,319525.33,0x06249abc099011fec3a5550a7a6d1f12ba90ad9b9c59cd13b32a83b5c1fad7ee,1750070011000,0.000000000001317,0.000000004350,0x0000000000000000000000000000000000000000,ETH,10181.59
F6qoefQq4iCBLoNZ34RjEqHjHkD8vtmoRSdw9Nd55J1k,shibwifhat,SHIB,solana,raydium,354075,115832.53,14bLC2KcZ2yFyCDSzHsNemoXUGf9fCmgqQ8jeHEfr3Ed,1707189553000,0.000002531,0.0003610,So11111111111111111111111111111111111111112,SOL,1381.41
5MBBsoCVddAuF8XixvCcXNbHAw6WfpZ8WyTKMmczxxRN,SHIBA INU,SHIB,solana,raydium,126502,47480.98,36y1LqJQNL7jPU4hUoFhGegXNQHKJggGkg5inSukRTuR,1707724801000,0.0000001772,0.00002535,So11111111111111111111111111111111111111112,SOL,66.27
0x95aD61b0a150d79219dCF64E1E6Cc01f0B64C4cE,SHIBA INU,SHIB,pulsechain,pulsex,32018856,15869.03,0xe11Ae46AA5200984d59FF54F3b2c7Ff6AC6EF749,1683944325000,0.001530,0.00000003202,0xA1077a294dDE1B09bB078844df40758a5D0f9a27,WPLS,161.59
0xbED48612BC69fA1CaB67052b42a95FB30C1bcFee,SHIBA INU,SHIB,cronos,vvsfinance,5630761,221999.76,0xc9eA98736dbC94FAA91AbF9F4aD1eb41e7fb40f4,1637568558000,0.00008253,0.000008716,0x5C7F8A570d578ED84E63fdFA7b1eE72dEae1AE23,WCRO,3129.21
GB7vsKMcNXRYZPH4coMZCW5ghy4Jo5Y5mhf86wBhwfPs,SHIB,SHIB,solana,raydium,11900475,182706.22,95AnvdzmPQyRqZ4DG95cySGbs6MMWhishrWZ7fX6DNqg,1760030849000,0.00001190,0.00001190,EPjFWdd5AufqSSqeM2qN1xzybapC8G4wEGGkZwyTDt1v,USDC,56154.99
C1X5RksFEoBSMAcqeo4N8cZy4j2MPpDAuqX2nC6MCmit,Shiba Inu,SHIB,solana,meteora,11302214,10302132.76,2z4gxEu6fuFC9ijLG8mG4bh2Ptxc8M5GnzFv6Ywx1qwd,1738379467000,0.00001918,0.00001918,EPjFWdd5AufqSSqeM2qN1xzybapC8G4wEGGkZwyTDt1v,USDC,3.99
GqsiJHRzJF9qAtDfsorjhPbv28P1KiPYJCsN4SgDYiUm,Shiba Inu,SHIB,solana,orca,119354301,118334182.68,57p4iwARAg6dXA5uB5GZnaN5StTgkEP9j7uJz1gNBBSS,1759395787000,0.00001326,0.00001326,EPjFWdd5AufqSSqeM2qN1xzybapC8G4wEGGkZwyTDt1v,USDC,3.99
0x2859e4544C4bB03966803b044A93563Bd2D0DD4D,SHIBA INU,SHIB,bsc,dinosaureggs,80276831,536715.72,0x98386f283E088ad53048376fc1c3bf2F726f775A,1633770468000,0.000000009667,0.000008713,0xbb4CdB9CBd36B01bD1cBaEBF2De08d9173bc095c,WBNB,24889.73
0xFCa95aeb5bF44aE355806A5ad14659c940dC6BF7,SHIBA INU,SHIB,base,uniswap,2958456,17877.41,0x7770aec1ba4c9b247f0a0de0fba1e5fc6c6c014a1d0edd6fed001d002fec13e1,1756671517000,0.000000000001319,0.000000004390,0x0000000000000000000000000000000000000000,ETH,32.97
0xFCa95aeb5bF44aE355806A5ad14659c940dC6BF7,SHIBA INU,SHIB,base,uniswap,2940889,6937.72,0x4fbB43E487f128D3c94dC668ab5b60e0Ae9Ca001,1748805993000,0.000000004364,0.000000004364,0x833589fCD6eDb6E08f4c7C32D4f71b54bdA02913,USDC,8790.19
0x2859e4544C4bB03966803b044A93563Bd2D0DD4D,SHIBA INU,SHIB,bsc,pancakeswap,80374708,102468.96,0xE8DF1539b380274f1f8205A8f45a7Cc266793518,1681299388000,0.000000009672,0.000008724,0xbb4CdB9CBd36B01bD1cBaEBF2De08d9173bc095c,WBNB,35037.71
0xFCa95aeb5bF44aE355806A5ad14659c940dC6BF7,SHIBA INU,SHIB,base,uniswap,2956231,1273.85,0x3c7eba8f08974e49937a844e489b2372b49d17a46d15a16ed79b02e22a27d7d3,1749601365000,0.000000000001320,0.000000004387,0x0000000000000000000000000000000000000000,ETH,36.15
0x2859e4544C4bB03966803b044A93563Bd2D0DD4D,SHIBA INU,SHIB,bsc,pancakeswap,80303630,81311.76,0x6b7b3523a6660a5fcE3c28E1536CC8dd8D57f7E0,1621686005000,0.000000009670,0.000008716,0xbb4CdB9CBd36B01bD1cBaEBF2De08d9173bc095c,WBNB,4884.64
0x2859e4544C4bB03966803b044A93563Bd2D0DD4D,SHIBA INU,SHIB,bsc,apeswap,80287733,80342.83,0xC0AFB6078981629F7eAe4f2ae93b6DBEA9D7a7e9,1622413778000,0.000000009668,0.000008715,0xbb4CdB9CBd36B01bD1cBaEBF2De08d9173bc095c,WBNB,4788.23
0xbED48612BC69fA1CaB67052b42a95FB30C1bcFee,SHIBA INU,SHIB,cronos,vvsfinance,5623941,40724.78,0xbe17E4be93E15c68601c6c470EaF7b2B460943Dd,1637575568000,4.1048,0.000008705,0x2D03bECE6747ADC00E1a131BBA1469C15fD11e03,VVS,397.23
0x2859e4544C4bB03966803b044A93563Bd2D0DD4D,SHIBA INU,SHIB,bsc,babyswap,80417096,66232.62,0x14C594222106283dd6D155b9d00a943b94153066,1622557949000,0.000008729,0.000008729,0x55d398326f99059fF775485246999027B3197955,USDT,5232.25
0x2859e4544C4bB03966803b044A93563Bd2D0DD4D,SHIBA INU,SHIB,bsc,biswap,80359070,56150.5,0x49859419c83465eeeEdD7b1D30dB99CE58C88Ec3,1635493181000,0.000000009677,0.000008722,0xbb4CdB9CBd36B01bD1cBaEBF2De08d9173bc095c,WBNB,3164.84
0x95aD61b0a150d79219dCF64E1E6Cc01f0B64C4cE,SHIBA INU,SHIB,ethereum,shibaswap,8690152477,4177678.42,0xCF6dAAB95c476106ECa715D48DE4b13287ffDEAa,1625545149000,0.000000002632,0.000008690,0xC02aaA39b223FE8D0A0e5C4F27eAD9083C756Cc2,WETH,120501.08
0xbED48612BC69fA1CaB67052b42a95FB30C1bcFee,SHIBA INU,SHIB,cronos,vvsfinance,5671331,13689.62,0xaFdE8dFAa3bA4D16DCDA4d894eA2C9AC2ff0152e,1695198692000,0.00008279,0.000008779,0x5C7F8A570d578ED84E63fdFA7b1eE72dEae1AE23,WCRO,157.79
0x6f8a06447Ff6FcF75d803135a7de15CE88C1d4ec,SHIBA INU (PoS),SHIB,polygon,uniswap,356175,10649.73,0x399C01cd004866c0F3280892bAc9aaB8eb0805Ca,1640234799000,0.00006832,0.000008631,0x0d500B1d8E8eF31E21C99d1Db9A6444d3ADf1270,WPOL,4122.3
0x6f8a06447Ff6FcF75d803135a7de15CE88C1d4ec,SHIBA INU (PoS),SHIB,polygon,quickswap,358582,3894.17,0x5FB641De2663e8a94C9dea0a539817850d996e99,1622696042000,0.00006863,0.000008690,0x0d500B1d8E8eF31E21C99d1Db9A6444d3ADf1270,WPOL,615.95
0x2859e4544C4bB03966803b044A93563Bd2D0DD4D,SHIBA INU,SHIB,bsc,pancakeswap,80376737,28565.96,0x2D515b3A46a6F19957af7b448132f43f95dcad40,1621521266000,0.000008724,0.000008724,0x55d398326f99059fF775485246999027B3197955,USDT,2673.53
0x6f8a06447Ff6FcF75d803135a7de15CE88C1d4ec,SHIBA INU (PoS),SHIB,polygon,uniswap,364706,1768.66,0x8CF60170B721539907eb680593D436CcB778630E,1640235125000,0.000000002633,0.000008838,0x7ceB23fD6bC0adD59E62ac25578270cFf1b9f619,WETH,143.28
0xbED48612BC69fA1CaB67052b42a95FB30C1bcFee,SHIBA INU,SHIB,cronos,vvsfinance,5756629,1994.67,0x6470241f7347f9D747d1C87128F427E2097206E6,1637792858000,0.000000002644,0.000008911,0xe44Fd7fCb2b1581822D0c862B68222998a0c299a,WETH,27.13
0x6f8a06447Ff6FcF75d803135a7de15CE88C1d4ec,SHIBA INU (PoS),SHIB,polygon,uniswap,360054,1641.74,0xcb74861913e799dd2BcFcB8AC9a7126d8f32a24D,1667754326000,0.000008725,0.000008725,0xc2132D05D31c914a87C6611C10748AEb04B58e8F,USDT0,7.22
0xbED48612BC69fA1CaB67052b42a95FB30C1bcFee,SHIBA INU,SHIB,cronos,vvsfinance,5642114,1450.61,0x32EEB46750283069eB997a18983B01233956F82d,1689072900000,0.1370,0.000008733,0x6b431B8a964BFcf28191b07c91189fF4403957D0,CORGIAI,7.87
0x3Ab667c153B8DD2248bb96E7A2e1575197667784,SHIBA INU from Ethereum,SHIB,pulsechain,pulsex,49124,1839.35,0xfEdF27a0a12C7Ede51fa66714BDb5f5a0bA86361,1709587015000,0.4934,0.000008970,0x95B303987A60C71504D99Aa1b13B4DA07b0790ab,PLSX,172.32
0x3Ab667c153B8DD2248bb96E7A2e1575197667784,SHIBA INU from Ethereum,SHIB,pulsechain,pulsex,49533,1902.23,0xe48476645462B7F7Ddc0E4D20eC5DD1AD56203dE,1685662675000,0.4260,0.000009045,0xA1077a294dDE1B09bB078844df40758a5D0f9a27,WPLS,175.55
DNkcjSFic3G3BfczmKBgZYPooXLEW1tGUVpjFxXbffQc,Shiba Inu,SHIB,solana,meteora,10637162558,0,BaYiMdwBV9tnT9zW8kZ6Sb86vh9doQqcAP2Ga3fkaZ77,1751822268000,0.001181,0.001181,EPjFWdd5AufqSSqeM2qN1xzybapC8G4wEGGkZwyTDt1v,USDC,3.99
